millis,stamp,datetime,motion
999,1531985602, 2018/7/19 7:33:22, Inactive
1999,1531985603, 2018/7/19 7:33:23, Inactive
2999,1531985604, 2018/7/19 7:33:24, Inactive
3999,1531985605, 2018/7/19 7:33:25, Inactive
4999,1531985606, 2018/7/19 7:33:26, Inactive
5999,1531985607, 2018/7/19 7:33:27, Inactive
6999,1531985608, 2018/7/19 7:33:28, Inactive
7999,1531985609, 2018/7/19 7:33:29, Inactive
8999,1531985610, 2018/7/19 7:33:30, Inactive
9999,1531985611, 2018/7/19 7:33:31, Inactive
10999,1531985612, 2018/7/19 7:33:32, Inactive
11999,1531985613, 2018/7/19 7:33:33, Inactive
12999,1531985614, 2018/7/19 7:33:34, Inactive
13999,1531985615, 2018/7/19 7:33:35, Inactive
14999,1531985616, 2018/7/19 7:33:36, Inactive
16000,1531985617, 2018/7/19 7:33:37, Inactive
16999,1531985618, 2018/7/19 7:33:38, Inactive
17999,1531985619, 2018/7/19 7:33:39, Inactive
18999,1531985620, 2018/7/19 7:33:40, Inactive
19999,1531985621, 2018/7/19 7:33:41, Inactive
20999,1531985622, 2018/7/19 7:33:42, Inactive
21999,1531985623, 2018/7/19 7:33:43, Inactive
23000,1531985624, 2018/7/19 7:33:44, Inactive
23999,1531985625, 2018/7/19 7:33:45, Inactive
24999,1531985626, 2018/7/19 7:33:46, Inactive
25999,1531985627, 2018/7/19 7:33:47, Inactive
26999,1531985628, 2018/7/19 7:33:48, Inactive
27999,1531985629, 2018/7/19 7:33:49, Inactive
28999,1531985630, 2018/7/19 7:33:50, Inactive
29999,1531985631, 2018/7/19 7:33:51, Inactive
30999,1531985632, 2018/7/19 7:33:52, Inactive
32000,1531985633, 2018/7/19 7:33:53, Inactive
33000,1531985634, 2018/7/19 7:33:54, Inactive
33998,1531985635, 2018/7/19 7:33:55, Inactive
34999,1531985636, 2018/7/19 7:33:56, Inactive
35999,1531985637, 2018/7/19 7:33:57, Inactive
36999,1531985638, 2018/7/19 7:33:58, Inactive
37999,1531985639, 2018/7/19 7:33:59, Inactive
38999,1531985640, 2018/7/19 7:34:0, Inactive
39999,1531985641, 2018/7/19 7:34:1, Active
40999,1531985642, 2018/7/19 7:34:2, Active
41999,1531985643, 2018/7/19 7:34:3, Active
42999,1531985644, 2018/7/19 7:34:4, Active
43999,1531985645, 2018/7/19 7:34:5, Active
44999,1531985646, 2018/7/19 7:34:6, Active
45999,1531985647, 2018/7/19 7:34:7, Active
46999,1531985648, 2018/7/19 7:34:8, Active
48000,1531985649, 2018/7/19 7:34:9, Active
48999,1531985650, 2018/7/19 7:34:10, Active
49999,1531985651, 2018/7/19 7:34:11, Active
50999,1531985652, 2018/7/19 7:34:12, Active
51999,1531985653, 2018/7/19 7:34:13, Inactive
52999,1531985654, 2018/7/19 7:34:14, Inactive
53999,1531985655, 2018/7/19 7:34:15, Inactive
